{"cameraMode":{"drawMode":0,"name":"Shaded","section":"Shading Mode"},"sceneLighting":true,"audioPlay":false,"sceneViewState":{"showFog":true,"showMaterialUpdate":false,"showSkybox":true,"showFlares":true,"showImageEffects":true,"showParticleSystems":true},"in2DMode":false,"pivot":{"x":1.1996283531188965,"y":0.48524728417396548,"z":0.6743218898773193},"rotation":{"x":-0.18181858956813813,"y":-0.42155349254608157,"z":0.08668068051338196,"w":-0.8841585516929627},"size":3.2660250663757326,"orthographic":false}