{"cameraMode":{"drawMode":0,"name":"Shaded","section":"Shading Mode"},"sceneLighting":true,"audioPlay":false,"sceneViewState":{"showFog":true,"showMaterialUpdate":false,"showSkybox":true,"showFlares":true,"showImageEffects":true,"showParticleSystems":true},"in2DMode":false,"pivot":{"x":0.025986671447753907,"y":-7.3630900382995609,"z":5.970896244049072},"rotation":{"x":0.14361843466758729,"y":0.5417740345001221,"z":-0.09456100314855576,"w":0.8227671384811401},"size":8.244941711425782,"orthographic":false}