{"cameraMode":{"drawMode":0,"name":"Shaded","section":"Shading Mode"},"sceneLighting":true,"audioPlay":false,"sceneViewState":{"showFog":true,"showMaterialUpdate":false,"showSkybox":true,"showFlares":true,"showImageEffects":true,"showParticleSystems":true},"in2DMode":false,"pivot":{"x":-0.6183890104293823,"y":0.35312652587890627,"z":24.478107452392579},"rotation":{"x":0.5748081803321838,"y":-0.13632306456565858,"z":0.09784895181655884,"w":0.8009132742881775},"size":7.021440029144287,"orthographic":true}