{"cameraMode":{"drawMode":0,"name":"Shaded","section":"Shading Mode"},"sceneLighting":true,"audioPlay":false,"sceneViewState":{"showFog":true,"showMaterialUpdate":false,"showSkybox":true,"showFlares":true,"showImageEffects":true,"showParticleSystems":true},"in2DMode":false,"pivot":{"x":4.0661821365356449,"y":0.7744140625,"z":25.04823112487793},"rotation":{"x":0.5662081241607666,"y":-0.11696961522102356,"z":0.08158957958221436,"w":0.8118465542793274},"size":6.367144584655762,"orthographic":true}