{"cameraMode":{"drawMode":0,"name":"Shaded","section":"Shading Mode"},"sceneLighting":true,"audioPlay":false,"sceneViewState":{"showFog":true,"showMaterialUpdate":false,"showSkybox":true,"showFlares":true,"showImageEffects":true,"showParticleSystems":true},"in2DMode":false,"pivot":{"x":1.0709712505340577,"y":0.5244140028953552,"z":23.660106658935548},"rotation":{"x":0.5662081241607666,"y":-0.11696961522102356,"z":0.08158957958221436,"w":0.8118465542793274},"size":4.415489673614502,"orthographic":true}